start,end,midi,note,velocity,confidence
1.695,1.765,69,A4,48,0.903
1.915,2.035,64,E4,48,0.873
2.925,3.085,68,G#4,48,0.504
3.255,3.385,68,G#4,48,0.757
3.425,3.675,73,C#5,62,0.613
3.685,3.795,73,C#5,48,0.596
3.895,3.975,67,G4,60,0.731
3.975,4.465,68,G#4,64,0.796
4.465,4.765,67,G4,80,0.914
4.765,4.965,68,G#4,48,0.892
5.175,5.245,67,G4,65,0.362
5.245,5.365,68,G#4,87,0.877
5.365,6.205,67,G4,69,0.897
6.425,6.605,69,A4,48,0.42
6.605,6.865,68,G#4,71,0.668
7.375,7.475,70,A#4,48,0.965
8.025,8.185,67,G4,63,0.807
8.625,8.815,73,C#5,69,0.88
8.815,8.895,74,D5,66,0.971
8.895,9.215,73,C#5,48,0.817
9.215,9.435,71,B4,70,0.489
9.435,9.495,70,A#4,87,0.961
9.495,9.765,67,G4,78,0.974
10.235,10.375,67,G4,48,0.786
10.755,10.815,72,C5,48,0.296
10.965,11.045,68,G#4,63,0.757
11.045,11.135,67,G4,79,0.937
11.135,11.235,68,G#4,48,0.309
11.555,11.875,67,G4,82,0.78
11.875,12.085,68,G#4,79,0.88
12.085,12.165,70,A#4,71,0.617
12.165,12.475,69,A4,59,0.508
12.475,12.925,67,G4,84,0.959
12.925,12.995,66,F#4,86,0.936
12.995,13.175,65,F4,80,0.87
13.175,13.375,67,G4,89,0.878
13.375,13.485,69,A4,68,0.583
13.485,13.785,68,G#4,80,0.772
13.835,13.935,73,C#5,81,0.875
13.935,14.005,72,C5,75,0.95
14.005,14.215,73,C#5,64,0.891
14.305,14.395,67,G4,82,0.774
14.395,14.765,68,G#4,69,0.909
14.765,15.155,67,G4,84,0.908
15.155,15.405,69,A4,70,0.734
15.405,15.475,67,G4,86,0.886
15.475,15.875,68,G#4,60,0.494
16.055,16.195,56,G#3,48,0.41
23.115,23.365,63,D#4,89,0.764
23.395,23.615,67,G4,80,0.536
23.615,23.785,68,G#4,80,0.767
23.985,24.055,70,A#4,74,0.679
24.155,24.265,67,G4,73,0.684
24.265,24.345,68,G#4,72,0.533
24.345,24.475,67,G4,67,0.616
24.475,25.665,68,G#4,69,0.87
25.665,25.795,67,G4,70,0.591
25.915,26.035,67,G4,72,0.671
26.035,26.145,65,F4,75,0.433
26.145,26.255,63,D#4,72,0.317
26.735,26.855,63,D#4,79,0.324
26.945,27.185,67,G4,71,0.481
27.185,27.305,68,G#4,69,0.737
27.395,27.485,72,C5,78,0.429
27.485,27.585,70,A#4,70,0.575
27.705,27.875,68,G#4,72,0.573
27.875,28.025,67,G4,64,0.683
28.025,29.275,68,G#4,70,0.911
29.275,29.445,67,G4,63,0.699
29.445,29.515,68,G#4,48,0.58
29.515,29.605,67,G4,48,0.482
29.605,29.985,68,G#4,48,0.488
30.175,30.245,62,D4,94,0.855
30.245,30.445,63,D#4,89,0.829
30.455,30.625,67,G4,70,0.605
30.695,30.865,68,G#4,68,0.602
31.055,31.195,70,A#4,68,0.602
31.225,31.425,68,G#4,75,0.426
31.425,31.555,67,G4,70,0.625
31.555,32.185,68,G#4,75,0.597
32.305,32.605,73,C#5,66,0.313
32.605,32.795,72,C5,70,0.425
32.795,32.895,68,G#4,75,0.475
32.895,33.275,67,G4,69,0.693
33.275,33.545,68,G#4,48,0.517
33.625,33.695,68,G#4,48,0.115
33.735,33.815,62,D4,74,0.364
33.815,33.935,63,D#4,82,0.591
34.015,34.455,67,G4,76,0.578
34.495,34.605,72,C5,79,0.55
34.605,34.675,70,A#4,72,0.459
34.795,34.895,67,G4,72,0.276
34.895,34.975,68,G#4,72,0.696
34.975,35.115,67,G4,69,0.761
35.115,36.585,68,G#4,71,0.902
36.585,36.655,67,G4,74,0.853
36.655,36.725,66,F#4,65,0.492
36.985,37.065,61,C#4,48,0.28
37.115,37.265,72,C5,48,0.399
37.265,37.395,69,A4,48,0.279
37.655,37.995,67,G4,85,0.888
37.995,38.075,66,F#4,80,0.749
38.075,38.265,65,F4,78,0.771
38.265,38.395,66,F#4,68,0.573
38.395,38.475,68,G#4,76,0.511
38.475,38.565,67,G4,79,0.649
38.565,38.725,68,G#4,78,0.754
38.725,39.015,67,G4,82,0.555
39.015,39.245,63,D#4,78,0.626
39.245,39.925,62,D4,84,0.738
39.925,39.995,65,F4,82,0.508
40.175,40.455,63,D#4,81,0.772
40.455,40.695,62,D4,88,0.805
40.695,40.945,60,C4,92,0.854
40.945,41.135,58,A#3,85,0.788
41.135,41.225,59,B3,48,0.221
41.225,41.435,58,A#3,84,0.722
41.435,41.505,57,A3,56,0.677
41.505,41.635,58,A#3,54,0.707
41.745,41.985,60,C4,76,0.642
41.985,42.215,58,A#3,82,0.689
42.215,42.295,59,B3,67,0.139
42.295,42.465,58,A#3,83,0.853
42.465,42.575,59,B3,59,0.655
42.575,42.685,60,C4,81,0.675
42.685,42.755,58,A#3,81,0.9
42.755,42.845,59,B3,79,0.74
42.845,43.055,58,A#3,80,0.75
43.055,43.155,60,C4,78,0.499
43.155,43.375,58,A#3,81,0.864
43.375,43.445,57,A3,67,0.616
43.445,43.625,56,G#3,84,0.753
43.625,43.875,55,G3,81,0.846
44.265,44.355,68,G#4,82,0.661
44.355,44.425,67,G4,71,0.438
44.545,44.785,68,G#4,69,0.577
44.965,45.165,70,A#4,70,0.518
45.305,45.565,67,G4,66,0.609
45.565,46.795,68,G#4,72,0.924
46.795,46.915,67,G4,76,0.704
46.915,47.035,66,F#4,67,0.216
47.035,47.275,67,G4,72,0.635
47.305,47.385,63,D#4,67,0.399
47.645,47.705,66,F#4,48,0.163
47.805,47.945,67,G4,74,0.646
48.055,48.165,68,G#4,64,0.334
48.455,48.695,70,A#4,66,0.604
48.795,49.045,67,G4,69,0.62
49.045,50.455,68,G#4,75,0.943
50.455,50.735,67,G4,64,0.575
50.735,50.925,68,G#4,64,0.84
50.925,51.075,70,A#4,58,0.643
51.075,51.195,73,C#5,58,0.741
51.235,51.505,67,G4,75,0.486
51.505,51.825,68,G#4,69,0.53
51.915,51.995,74,D5,79,0.655
51.995,52.095,75,D#5,80,0.733
52.095,52.205,74,D5,73,0.669
52.275,52.455,75,D#5,70,0.593
52.635,53.245,72,C5,76,0.892
53.245,53.415,71,B4,67,0.527
53.415,53.695,73,C#5,73,0.889
53.695,53.855,72,C5,72,0.615
53.895,53.965,68,G#4,61,0.39
54.045,54.125,68,G#4,67,0.424
54.125,54.415,67,G4,62,0.641
54.715,54.975,67,G4,68,0.591
54.975,55.135,68,G#4,62,0.529
55.195,55.415,72,C5,70,0.653
55.415,55.545,70,A#4,66,0.67
55.545,55.685,69,A4,57,0.398
55.685,55.995,67,G4,64,0.466
56.165,56.355,67,G4,70,0.469
56.355,57.435,68,G#4,68,0.861
57.435,57.585,67,G4,71,0.473
57.635,57.785,67,G4,48,0.332
58.125,58.395,67,G4,70,0.581
58.395,58.675,68,G#4,67,0.613
58.735,58.845,72,C5,72,0.46
58.845,58.995,70,A#4,66,0.397
59.115,59.195,67,G4,63,0.395
59.195,59.275,68,G#4,71,0.582
59.275,59.395,67,G4,66,0.59
59.395,59.705,68,G#4,76,0.776
59.705,59.915,67,G4,68,0.588
59.955,60.795,70,A#4,72,0.601
60.925,61.075,67,G4,66,0.53
61.075,61.145,66,F#4,65,0.265
61.295,61.455,68,G#4,70,0.654
61.455,61.595,70,A#4,59,0.656
61.595,61.825,67,G4,71,0.711
61.825,61.975,68,G#4,65,0.565
61.975,62.045,67,G4,52,0.446
62.245,62.455,70,A#4,67,0.628
62.485,62.835,67,G4,63,0.574
62.835,64.255,68,G#4,72,0.949
64.255,64.375,67,G4,64,0.471
64.375,64.525,68,G#4,48,0.587
64.665,64.735,68,G#4,48,0.448
64.765,64.835,68,G#4,50,0.739
64.835,65.255,67,G4,68,0.672
65.255,65.575,68,G#4,68,0.527
65.655,65.745,74,D5,78,0.712
65.745,65.975,75,D#5,76,0.829
66.045,66.215,75,D#5,67,0.624
66.405,67.035,72,C5,73,0.836
67.035,67.135,71,B4,66,0.467
67.135,67.205,72,C5,76,0.812
67.205,67.495,73,C#5,75,0.909
67.495,67.675,72,C5,72,0.547
67.775,67.925,68,G#4,62,0.297
67.925,68.105,67,G4,54,0.663
68.445,68.715,67,G4,67,0.511
68.715,68.865,68,G#4,63,0.446
68.995,69.155,72,C5,70,0.773
69.155,69.405,70,A#4,67,0.73
69.405,69.755,68,G#4,64,0.502
69.905,70.105,67,G4,68,0.566
70.105,71.245,68,G#4,69,0.867
71.245,71.355,67,G4,65,0.469
71.355,71.615,68,G#4,48,0.586
71.915,72.135,63,D#4,80,0.67
72.205,72.565,68,G#4,72,0.619
72.655,72.715,72,C5,81,0.644
72.745,72.845,71,B4,76,0.829
72.935,73.125,68,G#4,67,0.644
73.125,73.255,67,G4,66,0.739
73.255,73.565,68,G#4,73,0.835
73.565,73.735,67,G4,66,0.566
73.775,74.535,70,A#4,74,0.741
74.595,74.735,68,G#4,70,0.378
74.735,74.865,67,G4,69,0.497
74.865,75.115,65,F4,68,0.562
75.245,75.315,57,A3,48,0.156
75.445,75.565,63,D#4,79,0.439
75.645,76.055,68,G#4,71,0.648
76.115,76.235,72,C5,75,0.516
76.235,76.315,70,A#4,67,0.545
76.435,76.595,68,G#4,62,0.581
76.595,76.735,67,G4,66,0.78
76.735,77.635,68,G#4,69,0.896
77.665,77.895,61,C#4,73,0.467
77.955,78.055,73,C#5,76,0.59
78.055,78.185,72,C5,82,0.964
78.185,78.355,71,B4,86,0.952
78.355,78.605,70,A#4,86,0.958
78.605,78.745,68,G#4,87,0.918
78.745,78.825,67,G4,86,0.39
78.925,79.075,63,D#4,77,0.597
79.075,79.145,68,G#4,77,0.708
79.145,79.255,67,G4,73,0.709
79.325,79.525,68,G#4,68,0.686
79.575,79.695,72,C5,75,0.48
79.695,79.785,70,A#4,68,0.58
79.895,80.075,68,G#4,67,0.631
80.075,80.225,67,G4,68,0.755
80.225,80.645,68,G#4,72,0.612
80.645,80.785,67,G4,66,0.672
80.855,81.355,73,C#5,74,0.842
81.465,81.675,73,C#5,74,0.71
81.725,81.805,70,A#4,68,0.23
81.835,82.065,68,G#4,68,0.446
82.065,82.165,67,G4,62,0.628
82.335,82.525,63,D#4,75,0.663
82.595,83.015,67,G4,73,0.518
83.085,83.515,72,C5,69,0.541
83.515,83.615,71,B4,76,0.44
83.615,84.285,70,A#4,73,0.541
84.345,84.425,74,D5,76,0.635
84.425,86.225,75,D#5,72,0.971
86.225,86.355,74,D5,74,0.576
86.425,86.655,75,D#5,48,0.357
86.875,86.975,67,G4,48,0.853
88.595,88.695,60,C4,48,0.89
89.425,89.555,60,C4,48,0.871
89.765,89.965,61,C#4,70,0.901
89.995,90.235,60,C4,48,0.848
90.365,90.475,61,C#4,48,0.876
90.765,90.895,67,G4,48,0.922
91.595,91.765,60,C4,60,0.894
92.145,92.225,60,C4,48,0.903
95.655,96.255,65,F4,48,0.906
96.465,96.765,65,F4,54,0.932
96.905,97.365,61,C#4,48,0.773
97.455,97.805,60,C4,49,0.841
97.805,98.055,61,C#4,54,0.805
98.145,98.205,57,A3,48,0.299
98.205,98.725,60,C4,70,0.869
98.725,98.795,58,A#3,48,0.323
98.795,98.935,59,B3,48,0.685
98.935,99.075,58,A#3,48,0.733
99.075,99.145,59,B3,48,0.188
99.285,99.455,58,A#3,52,0.495
99.455,99.715,56,G#3,69,0.745
99.715,99.805,58,A#3,57,0.877
99.805,99.945,59,B3,48,0.409
100.035,100.875,55,G3,48,0.581
101.015,101.215,55,G3,71,0.914
101.685,101.975,70,A#4,48,0.756
102.005,102.425,75,D#5,57,0.919
102.455,102.605,80,G#5,54,0.894
102.605,102.705,77,F5,48,1.0
102.765,103.245,73,C#5,75,0.935
103.245,103.375,72,C5,79,0.982
103.375,103.635,73,C#5,67,0.873
103.635,103.855,72,C5,73,0.979
103.855,103.925,71,B4,66,0.983
103.925,104.065,70,A#4,66,0.925
104.065,104.355,68,G#4,69,0.944
104.355,104.565,70,A#4,68,0.924
104.565,104.685,68,G#4,73,0.932
104.685,104.845,67,G4,73,0.993
104.845,105.145,68,G#4,68,0.928
105.145,105.595,70,A#4,55,0.649
105.635,106.095,75,D#5,54,0.96
106.785,106.905,75,D#5,48,0.981
106.935,107.045,72,C5,48,0.879
107.045,107.205,73,C#5,48,0.993
107.695,107.965,72,C5,48,0.899
108.175,108.395,61,C#4,87,0.837
108.395,108.545,63,D#4,87,0.885
108.545,108.655,62,D4,54,0.494
108.655,108.955,63,D#4,91,0.723
108.955,109.025,60,C4,88,0.595
109.025,109.435,61,C#4,92,0.859
109.555,109.745,58,A#3,99,0.643
109.805,110.115,56,G#3,93,0.609
110.225,111.585,63,D#4,85,0.898
111.675,111.865,68,G#4,81,0.65
111.935,112.335,63,D#4,79,0.695
112.415,112.665,68,G#4,84,0.581
112.835,112.955,69,A4,72,0.795
112.955,113.145,70,A#4,52,0.482
114.005,114.085,67,G4,48,0.749
115.545,115.805,60,C4,87,0.82
115.805,115.895,63,D#4,86,0.825
115.895,115.975,61,C#4,49,0.113
115.975,116.045,62,D4,56,0.58
116.045,116.265,63,D#4,90,0.77
116.315,116.715,61,C#4,89,0.821
116.745,116.845,60,C4,97,0.84
116.845,116.925,58,A#3,100,0.83
116.925,117.055,57,A3,92,0.363
117.055,117.145,55,G3,85,0.505
117.145,117.395,56,G#3,87,0.617
117.445,117.515,62,D4,93,0.761
117.515,118.005,63,D#4,88,0.917
118.005,118.085,62,D4,76,0.915
118.085,118.205,63,D#4,49,0.721
118.205,118.325,62,D4,48,0.42
118.735,118.945,61,C#4,88,0.7
118.955,119.295,61,C#4,91,0.833
119.295,121.515,64,E4,89,0.969
121.515,121.595,63,D#4,88,0.927
121.595,122.155,64,E4,64,0.815
122.155,122.275,63,D#4,85,0.389
122.275,122.495,64,E4,86,0.554
122.495,122.895,67,G4,83,0.862
122.955,123.205,67,G4,78,0.851
123.205,123.565,68,G#4,83,0.849
123.615,123.735,63,D#4,91,0.759
123.735,123.835,65,F4,84,0.597
123.835,124.015,63,D#4,86,0.861
124.015,124.345,64,E4,87,0.915
124.345,126.315,63,D#4,86,0.96
126.375,126.675,63,D#4,56,0.847
130.025,130.125,56,G#3,68,0.329
130.125,130.345,60,C4,85,0.692
130.345,130.715,63,D#4,89,0.887
130.715,130.795,60,C4,90,0.784
130.855,130.955,62,D4,55,0.384
130.955,131.345,60,C4,97,0.833
131.345,131.465,58,A#3,95,0.741
131.465,131.675,56,G#3,90,0.712
131.675,131.755,55,G3,90,0.704
131.755,132.005,56,G#3,85,0.586
132.125,132.565,63,D#4,91,0.872
132.565,132.925,62,D4,75,0.654
132.925,133.025,63,D#4,48,0.327
133.135,133.215,62,D4,48,0.275
133.245,133.325,59,B3,93,0.69
133.325,133.525,60,C4,94,0.762
133.525,133.765,61,C#4,94,0.676
133.815,133.985,64,E4,87,0.833
133.985,134.245,63,D#4,83,0.768
134.245,134.415,66,F#4,77,0.748
134.415,134.505,64,E4,81,0.621
134.585,134.825,66,F#4,79,0.694
134.825,136.105,64,E4,73,0.891
136.105,136.195,65,F4,68,0.898
136.195,136.355,64,E4,48,0.337
136.745,136.805,62,D4,87,0.776
136.805,136.935,64,E4,84,0.946
136.935,137.035,63,D#4,51,0.226
137.075,137.235,68,G#4,82,0.78
137.235,137.615,67,G4,83,0.661
137.615,138.295,68,G#4,79,0.76
138.345,138.435,63,D#4,81,0.479
138.515,138.585,64,E4,78,0.537
138.585,138.715,63,D#4,82,0.665
138.745,138.835,63,D#4,84,0.252
138.835,138.905,62,D4,72,0.241
138.905,139.015,61,C#4,68,0.32
139.015,139.225,63,D#4,83,0.678
139.305,139.505,68,G#4,88,0.451
139.505,139.805,63,D#4,86,0.286
139.805,139.995,68,G#4,87,0.445
140.065,140.415,68,G#4,87,0.425
140.605,140.985,67,G4,91,0.726
141.105,141.165,66,F#4,92,0.668
141.255,141.545,68,G#4,90,0.924
141.545,141.785,67,G4,99,0.878
141.785,141.905,63,D#4,95,0.942
141.905,142.175,64,E4,96,0.826
142.175,142.285,67,G4,80,0.51
142.285,143.965,63,D#4,82,0.892
144.075,144.365,63,D#4,88,0.888
144.365,144.675,64,E4,79,0.786
144.715,145.105,68,G#4,70,0.733
145.105,145.245,70,A#4,68,0.823
145.245,145.435,68,G#4,57,0.442
145.435,146.325,72,C5,76,0.897
146.455,147.175,72,C5,77,0.795
147.275,147.415,72,C5,48,0.184
147.505,147.595,72,C5,48,0.592
147.645,147.905,63,D#4,76,0.863
147.905,147.995,65,F4,74,0.836
147.995,148.105,64,E4,48,0.293
148.105,148.205,67,G4,68,0.752
148.205,148.345,68,G#4,74,0.676
148.345,148.495,70,A#4,73,0.458
148.555,148.735,73,C#5,75,0.707
148.835,149.795,73,C#5,69,0.834
149.795,149.875,70,A#4,60,0.144
149.945,150.005,71,B4,75,0.803
150.005,150.755,73,C#5,75,0.777
150.795,150.955,73,C#5,48,0.397
151.115,151.355,63,D#4,80,0.822
151.355,151.645,64,E4,74,0.675
151.695,152.095,68,G#4,65,0.772
152.095,152.305,70,A#4,62,0.584
152.465,152.975,72,C5,72,0.914
153.105,153.185,73,C#5,72,0.731
153.185,153.345,72,C5,71,0.501
153.515,154.375,72,C5,71,0.728
154.455,154.575,72,C5,48,0.591
154.625,154.855,63,D#4,62,0.856
154.855,154.985,64,E4,62,0.858
155.095,155.345,68,G#4,63,0.742
155.345,155.495,70,A#4,66,0.392
155.545,155.715,73,C#5,74,0.711
155.825,156.935,73,C#5,67,0.811
157.075,157.135,70,A#4,82,0.473
157.135,157.225,72,C5,80,0.897
157.225,162.395,73,C#5,81,0.983
162.395,162.535,72,C5,74,0.464
162.535,164.205,73,C#5,57,0.977
164.205,164.365,72,C5,48,0.478
164.555,164.635,73,C#5,48,0.985
164.885,164.965,73,C#5,48,1.0
165.065,165.275,73,C#5,48,0.989
165.345,165.825,73,C#5,48,0.9
165.965,166.325,67,G4,80,0.844
166.535,166.625,69,A4,76,0.623
166.625,166.805,68,G#4,74,0.78
166.905,167.095,67,G4,95,0.797
167.215,167.415,63,D#4,93,0.918
167.415,167.575,62,D4,92,0.901
167.625,168.105,62,D4,85,0.79
168.105,168.635,63,D#4,76,0.609
168.635,168.865,62,D4,79,0.553
168.865,169.075,60,C4,81,0.579
169.075,169.185,58,A#3,75,0.608
169.455,169.615,59,B3,83,0.75
169.615,170.385,58,A#3,79,0.798
170.385,170.505,60,C4,90,0.769
170.505,170.635,59,B3,54,0.289
170.635,170.855,60,C4,71,0.484
170.855,171.175,58,A#3,80,0.827
171.175,171.285,60,C4,76,0.428
171.285,171.555,58,A#3,81,0.914
171.555,171.655,57,A3,65,0.397
171.655,171.825,56,G#3,88,0.808
171.825,172.105,55,G3,85,0.769
172.395,172.465,68,G#4,81,0.579
172.465,172.565,67,G4,73,0.579
172.685,172.915,68,G#4,71,0.538
172.985,173.075,72,C5,75,0.304
173.075,173.295,70,A#4,70,0.51
173.445,173.715,67,G4,69,0.631
173.715,174.925,68,G#4,74,0.903
174.925,175.315,67,G4,74,0.595
175.315,175.405,65,F4,77,0.615
175.405,175.535,63,D#4,75,0.429
175.765,175.945,67,G4,69,0.329
175.945,176.115,66,F#4,63,0.385
176.115,176.275,68,G#4,63,0.34
176.405,176.545,72,C5,72,0.793
176.545,176.775,70,A#4,68,0.67
176.825,177.145,67,G4,66,0.603
177.145,178.585,68,G#4,74,0.927
178.585,178.695,67,G4,75,0.787
178.695,178.855,68,G#4,83,0.881
178.855,178.985,70,A#4,81,0.861
178.985,179.065,72,C5,85,0.942
179.065,179.275,73,C#5,84,0.9
179.355,179.535,67,G4,75,0.336
179.575,179.905,68,G#4,71,0.709
180.005,180.195,75,D#5,76,0.663
180.195,180.275,74,D5,70,0.39
180.355,180.415,75,D#5,60,0.516
180.415,180.475,76,E5,72,0.74
180.705,181.305,72,C5,73,0.894
181.405,181.825,73,C#5,72,0.699
181.825,181.905,71,B4,76,0.291
181.945,182.175,68,G#4,64,0.232
182.175,182.485,67,G4,65,0.614
182.515,182.635,74,D5,60,0.452
182.765,183.035,67,G4,70,0.572
183.035,183.205,68,G#4,64,0.592
183.265,183.455,72,C5,66,0.777
183.455,183.665,70,A#4,64,0.614
183.665,183.885,68,G#4,59,0.504
183.885,184.055,67,G4,68,0.662
184.055,184.135,66,F#4,75,0.352
184.175,184.335,67,G4,74,0.609
184.335,185.605,68,G#4,72,0.853
185.605,185.695,67,G4,74,0.719
185.695,185.805,68,G#4,72,0.917
185.805,185.935,67,G4,78,0.928
185.935,186.015,68,G#4,73,0.9
186.015,186.085,67,G4,81,0.919
186.085,186.155,68,G#4,71,0.967
186.155,186.475,67,G4,72,0.646
186.475,186.745,68,G#4,66,0.601
187.165,187.305,68,G#4,57,0.54
187.305,187.415,67,G4,65,0.684
187.495,187.805,68,G#4,74,0.887
187.805,187.995,67,G4,66,0.644
188.025,188.835,70,A#4,72,0.708
188.955,189.045,68,G#4,66,0.256
189.045,189.125,67,G4,71,0.617
189.125,189.245,66,F#4,68,0.533
189.295,189.365,68,G#4,80,0.32
189.365,189.475,67,G4,85,0.906
189.475,189.605,68,G#4,75,0.663
189.645,189.845,67,G4,76,0.68
189.845,190.035,68,G#4,69,0.532
190.305,190.525,70,A#4,70,0.69
190.525,190.845,67,G4,65,0.682
190.845,191.985,68,G#4,71,0.879
191.985,192.175,67,G4,70,0.581
192.255,192.345,67,G4,55,0.618
192.345,192.475,68,G#4,55,0.794
192.475,192.715,67,G4,48,0.431
192.755,192.945,63,D#4,71,0.373
192.945,193.205,67,G4,72,0.664
193.205,193.505,68,G#4,69,0.494
193.595,193.785,75,D#5,78,0.734
193.785,193.885,74,D5,68,0.494
194.005,194.065,75,D#5,67,0.408
194.235,194.675,72,C5,79,0.793
194.675,194.835,73,C#5,72,0.845
194.835,195.195,72,C5,78,0.339
195.235,195.345,70,A#4,75,0.362
195.505,195.745,73,C#5,71,0.308
195.775,195.865,68,G#4,76,0.554
195.865,195.935,67,G4,80,0.869
195.935,196.015,68,G#4,65,0.416
196.015,196.575,67,G4,66,0.544
196.575,196.665,66,F#4,68,0.426
196.665,196.845,68,G#4,61,0.513
197.045,197.275,70,A#4,66,0.709
197.315,197.635,67,G4,63,0.514
197.775,197.955,67,G4,70,0.52
197.955,199.115,68,G#4,70,0.872
199.115,199.195,67,G4,64,0.557
199.195,199.425,68,G#4,48,0.645
199.425,199.505,70,A#4,48,0.485
199.505,199.575,69,A4,48,0.089
199.575,199.705,70,A#4,48,0.346
199.765,199.965,63,D#4,78,0.806
200.035,200.415,68,G#4,75,0.633
200.505,200.695,72,C5,77,0.621
200.775,200.865,68,G#4,61,0.568
200.865,201.105,67,G4,72,0.84
201.105,201.695,68,G#4,74,0.656
201.695,202.455,70,A#4,75,0.658
202.585,202.655,68,G#4,66,0.156
202.705,202.805,67,G4,66,0.319
202.935,203.015,63,D#4,70,0.216
203.265,203.375,62,D4,77,0.646
203.375,203.455,63,D#4,81,0.676
203.535,203.595,67,G4,75,0.298
203.595,203.905,68,G#4,74,0.751
203.995,204.055,71,B4,74,0.526
204.085,204.155,70,A#4,69,0.551
204.155,204.225,69,A4,48,0.082
204.225,204.435,68,G#4,67,0.562
204.435,204.585,67,G4,65,0.661
204.585,205.705,68,G#4,76,0.918
205.705,205.865,67,G4,76,0.688
205.865,205.955,68,G#4,78,0.922
205.955,206.095,67,G4,62,0.539
206.095,206.335,68,G#4,81,0.942
206.425,206.535,70,A#4,48,0.658
206.645,206.705,61,C#4,73,0.812
206.705,206.925,63,D#4,73,0.699
207.155,207.465,68,G#4,64,0.613
207.465,207.575,71,B4,77,0.701
207.575,207.645,70,A#4,66,0.539
207.735,208.585,68,G#4,72,0.603
208.655,209.125,73,C#5,77,0.777
209.195,209.435,73,C#5,78,0.581
209.435,209.515,71,B4,76,0.312
209.585,209.695,67,G4,65,0.24
209.695,209.785,68,G#4,67,0.103
209.785,209.895,67,G4,62,0.582
210.205,210.355,62,D4,78,0.426
210.435,210.855,67,G4,74,0.602
210.905,211.055,72,C5,73,0.615
211.125,211.385,72,C5,74,0.66
211.385,212.055,70,A#4,76,0.442
212.145,215.615,75,D#5,74,0.908
215.725,216.035,75,D#5,51,0.775
